{
  "dataset": "sentiment140",
  "model": "bert_base_uncased",
  "index_variant": "neutral_hi",
  "sample_size": 480000,
  "negative_ratio": 0.48681458333333333,
  "neutral_ratio": 0.0349125,
  "positive_ratio": 0.47827291666666666,
  "mean_proba_pos": 0.49706437484623167,
  "hi_label_raw": -0.008541666666666666,
  "hi_label_100": 49.572916666666664,
  "hi_prob_raw": -0.005871250307536684,
  "hi_prob_100": 49.706437484623166,
  "neg_th": 0.4,
  "pos_th": 0.6,
  "base_model": "bert-base-uncased",
  "max_len": 128,
  "batch_size": 16,
  "epochs": 2
}